select * from mysql.ndb_apply_status;
include/master-slave.inc
[connection master]
*** on slave there should be zero rows ***
select count(*) from mysql.ndb_apply_status;
count(*)
0
create table t1 (a int key, b int) engine ndb;
insert into t1 values (1,1);
*** on master it should be empty ***
select * from mysql.ndb_apply_status where server_id <> 0;
server_id	epoch	log_name	start_pos	end_pos
*** on slave there should be one row ***
select count(*) from mysql.ndb_apply_status;
count(*)
1
drop table t1;
include/rpl_end.inc
